"","Df","SumOfSqs","R2","F","Pr(>F)"
"Model",9,23.9150965718586,0.211487584568505,10.7880363799985,0.001
"Residual",362,89.1652841069986,0.788512415431495,NA,NA
"Total",371,113.080380678857,1,NA,NA
