Year,stress
2014,0.17163402568543384
2015,0.2130854869008491
2016,0.19441416194649594
2017,0.1880684251075979
2018,0.1938806232120082
2019,0.17471702358438293
