Year,stress
2014,0.17163426035862414
2015,0.21308563651147788
2016,0.1944142356455662
2017,0.18958791263284083
2018,0.1938840696502086
2019,0.17471661483123263
