Year,Region,TotalApplication
2017,Sacramento River,949747.7006285643
2018,Sacramento River,991128.4599104321
2019,Sacramento River,1012281.7256006607
2020,Sacramento River,1186224.0350563223
2017,Toe Drain,908243.7201728999
2018,Toe Drain,919685.4085975249
2019,Toe Drain,913814.3202055886
2020,Toe Drain,886017.2084409726
